"","GDP.PPP.","Indus Employment","Agri Employment","GHG Emission","Renew Energy","Fossile Fuel","Energy.Use.PC","CO2.Emissions.PC","Population.Total","Protected Area","Paris_Agreement_Code","Polityxconst","UNmentions"
"1",50764671542.0223,20.005504143873,29.5659235536989,17980.5001304703,26.7756752423615,75.0612134344908,346.835764225433,0.472094035318194,28832725.6666667,0.46,1,4,0
"2",27902941745.8705,16.4788807940272,30.1681274817843,8705.97777009056,37.186789847798,60.8013725756245,726.953196381622,1.66908932171051,2906016,1.91,2,7,5
"3",479211839699.17,24.1231682417059,8.87189319277366,172149.789655299,0.209164990919479,99.8647425983857,1159.67936695821,3.35989068669246,36730906,7.46,2,5,7
"4",543419458449.863,18.5175132728358,17.5323520248824,215083.193981986,31.7093500132374,64.5592678196005,2711.6392078239,6.09621662264303,82020.3333333333,19.5,1,5.47804057753588,17
"5",143822841607.609,15.440320879589,37.9306972202293,40855.0696349524,57.3844651322777,40.8976047847677,653.313734092233,1.40811537092418,21949294,4.98,1,3,4
"6",1796308925.66701,20.1785478829517,20.0901909188037,537.201688696977,35.9049250268012,61.1397587938365,2256.74165261356,5.90747666737153,88151.3333333333,0.15,2,4.88600840896899,18
"7",803619494167.907,24.2999998728434,2.23333330949148,372617.572657611,8.89477491513765,89.6398263420939,1911.62063152069,4.57622572024369,41657905,5.37,2,7,2
"8",20375101641.5436,17.2666670481364,38.2666664123535,12043.3883594256,7.98343117211633,72.0946605540364,916.760844968499,1.66397288855613,2969939.66666667,24.75,1,5,1
"9",937058351528.103,20.0999997456868,3.00000007947286,776528.038668219,7.69331770722747,94.8326152773214,5615.2684132065,16.7676468018248,22366676,29.03,2,7,18
"10",366989451708.583,25.9666665395101,4.4333332379659,92315.8712764308,32.4359762055299,68.5988430551157,3984.62697903372,7.75705445560868,8395012.66666667,28.35,2,7,3
"11",145542166866.375,14.0333334604899,37.933334350586,53748.1613089238,3.61719540063048,97.7572549098357,1373.93366136962,3.61976097545005,9174399.33333333,13.97,1,2,2
"12",52082918727.8755,29.1676212407591,-3.45017590224476,31904.0396700829,-5.49966408878799,96.6117474861164,9666.04511057691,22.4656329884852,1300303.33333333,4.41,1,1,6
"13",396277418609.157,18.8767094839761,36.2024512827793,180434.489669856,39.62678933446,72.0580755658724,206.678354465858,0.414905143895095,153426592,3.41,2,3,44
"14",4315193118.83138,19.7999998728434,2.96666661898295,1495.89598547359,9.87671751715746,88.2177050654315,2318.92590827116,5.3192493765899,280582.666666667,0,2,6.95291080281985,25
"15",155437849258.126,33.8333320617676,10.3333333333333,108924.406874129,7.21474989315947,91.478425675311,3073.51704186672,6.66751500841739,9475666.66666667,8.57,2,2,9
"16",448979559506.573,22.8666661580403,1.20000000794729,136306.987597921,6.01126988479405,71.9171919251067,5234.38312089059,9.04262978252627,11023858.6666667,24.25,1,7,2
"17",2600531091.25724,19.3688904129353,20.2202209484552,1534.99146329722,32.2141400387326,67.4154376496235,857.931519146041,1.63950264886027,329169.666666667,18.55,2,6.30032680176485,23
"18",17328507261.1804,16.3947261245154,33.6521325298451,33284.156999658,51.1029335171484,41.8103168978753,385.673080710125,0.542073404805073,9779660.33333333,22.25,2,5,6
"19",5002155460.75264,8.16666666666667,60.5999997456869,3258.99049831736,91.2719065379021,10.3566247478389,1273.92415558656,0.926087452735499,732067.666666667,47.3,1,5,16
"20",56456717109.9442,16.9534410128688,17.8248418948447,448536.399309454,31.4004101632981,83.8242572672232,690.857506001895,1.6568095434985,10078415,24.83,2,6,8
"21",35888425078.5738,18.2898788967888,20.626243616554,26377.8585457028,16.3331974426157,92.5323605338488,1766.79490664956,5.86484658365429,3831995.66666667,1.28,1,2.9515306732642,6
"22",28373191457.6568,19.1320334003704,24.2443659248592,81884.5228350122,24.1664545680244,65.1478953408291,1033.8494036481,2.17782898723758,2090119.66666667,29.15,2,7,25
"23",2954792791883.62,22.8333339691162,17.9938872432231,2948233.69801352,45.368294204817,54.8662052574869,1359.04951717047,2.20902208288274,200511125.333333,20.37,2,6,11
"24",29034266201.8843,26.6968528542152,-2.13495609639304,14482.3522025002,-8.20110890032277,106.908211185061,9126.49026151389,22.9768335307764,399419,29.68,2,4.91536391324609,4
"25",114151012109.458,32.1666673024495,6.53333330154419,69611.5440665323,14.4648031459362,73.4623235064042,2515.44522276932,6.27410689311447,7349938.33333333,31.46,1,7,9
"26",23710148612.2303,17.0174483299096,37.6961767312076,43658.8205966425,71.6494436842735,26.8913321290315,720.708733574968,0.140420060583802,16109910,15.47,2,6,12
"27",6977067194.45932,15.6054864735089,38.2951249584808,6149.11631021609,79.2861652928339,20.2680159006164,927.220225118351,0.0250298213498819,9791946.66666667,6.89,1,4,7
"28",38736858393.4011,16.0168547584248,43.1924003277088,126836.848145464,72.7294705230698,29.1959228558838,379.513863064189,0.357898451234397,14596313.3333333,20.61,1,5,41
"29",55328484427.0391,13.6394175432239,42.2383440322105,100377.322090075,78.3851855613676,28.4150087248717,325.817684884802,0.295106802021506,21123073,10.65,2,2,1
"30",1421280897798.55,19.8333333333333,2.16666666666667,941561.170727198,20.6486665457332,73.6116423440857,7378.37583650439,14.2751453016015,34366510,6.24,2,7,2
"31",4076675250.09073,14.5764640888788,34.1758643863537,513288.761209527,73.3007884431268,30.0505715266611,731.804795739331,0.0614707320207924,4531792,18.09,2,0,8
"32",23575985988.9095,16.075256555098,40.68462943925,109463.357939087,78.6229700652144,22.9587388895597,414.600221261076,0.0433248475765195,12303452.3333333,17.78,1,2,6
"33",348532184798.273,23.5,10.6333332061768,117544.856534998,28.6540320978,74.7750771870818,1968.87419197542,4.50331972607728,17201596.6666667,6.85,1,7,4
"34",13768246321359.2,46.455953926732,2.22988687111506,11900927.0692167,18.4860520717385,87.8684007240765,1973.08552995016,7.06941042567247,1344176666.66667,15.61,2,3,8
"35",529710455297.848,20.2666664123535,18.0666669209798,170102.404623829,26.8745706878012,76.0853512979597,675.597995830283,1.67052885249203,46401855,17.37,1,6,4
"36",966484033.000427,18.004620923903,33.8039000844475,554.059502322431,51.4607005424723,50.7941877362481,512.169581400907,0.197870453556688,716109.333333333,2.38,1,7,11
"37",60307634176.8311,19.5999997456868,14.1666666666667,11984.4630376081,40.4796700419035,47.8700121858486,1016.5828320502,1.67220153171494,4599969.33333333,3.05,2,7,9
"38",87498576639.2165,28.3666667938232,11.9666668574015,30682.4019984446,18.8720567288257,80.9016756927049,1921.80154719419,4.52313980863565,4321987,23.69,1,7,8
"39",214501498581.645,17.7666670481364,19.1666666666667,51123.911633484,18.5679402631697,87.0729724611312,984.177684034939,3.25313599749079,11324778,5.03,1,3,8
"40",27798074221.803,20.7000001271566,2.66666666666666,7549.10872315368,7.37694370024555,94.8167578395339,2101.85956458245,6.58708188660234,1116544,2.03,1,7,5
"41",297401152790.618,38.466667175293,3.03333330154419,143092.529704835,10.2184981591341,78.3124906258587,4123.11260595472,10.1502481682648,10493761,21.11,1,7,4
"42",240309007364.213,19.8333333333333,2.30000003178914,58599.4528147009,24.2667888682112,74.5947518077802,3279.63682434864,7.40482195822681,5569942.33333333,17.95,2,7,19
"43",2347130062.85456,18.7288089528849,28.1009648583899,2699.25296529119,38.4062762365696,58.102862779588,425.720255065318,0.596796658331367,841891,1.05,2,4,6
"44",724496746.748542,19.4051662149487,25.7227070189357,217.177512274552,20.6158059548924,79.6120048674757,790.546614007353,1.88274136153089,71418,0.55,2,6,42
"45",114021598330.206,16.9000002543132,13.6333332061767,32547.316909879,13.2341282915911,87.0908804703465,748.000037741037,2.20983828479973,10026719.6666667,11.2,1,6,5
"46",149834350197.599,18,28.0999997456868,51553.6447033367,12.840910817568,88.8965164981258,932.518324475991,2.59532908951043,15177155,15.43,1,4,14
"47",45954314661.6215,21.2333329518636,21.1333332061767,12283.4166658416,34.0526187252956,46.9102420284036,709.107389883594,1.11173894654266,6055249,2.05,1,6,7
"48",27950354257.9081,19.2806873688949,19.5885952319323,6238.79601095501,29.5409482640268,67.5609166023371,3164.12775578416,7.65712006163106,751119,2.12,1,1,3
"49",5544411992.27065,14.9262627415204,37.1992622418121,4911.85129957678,80.8162805937518,21.7962508504629,-23.4194907406803,-0.455990880848182,21283424.5081304,3.06,1,2,0
"50",31600831504.3697,31.8999996185303,4.19999996821086,23479.5837221177,25.0073254633978,19.6708617572704,4211.61804895832,13.6468074713052,1327203.33333333,19.85,2,7,7
"51",104213948025.284,18.7547463449701,26.7124550470834,184036.414013917,93.9733081967308,4.98495671415473,481.606067310247,0.084691740735017,89870573.6666667,18.4,1,3,10
"52",6596959710.12287,22.8842826133352,18.6803796594511,2211.77940608014,19.1634751024196,76.0292165715196,878.854643566729,1.83962966818169,867145.666666667,0.97,2,4,12
"53",214042290939.745,23.0666662851969,3.96666661898295,76523.0343476055,35.920177302219,46.3407294414249,6539.77508276488,10.3576043679497,5388531.66666667,14.07,2,7,15
"54",2423864855314.01,22.0666669209798,2.83333333333333,511312.109945186,12.0253841975248,48.9795840699427,3907.55213852807,5.18988865697207,65343359.3333333,25.73,2,6,11
"55",26849629950.3948,15.9255351273563,37.1900502072908,34316.3137705249,68.7224808436714,41.3641925545758,1383.942411451,2.87147824608062,1577574.33333333,12.28,2,4,19
"56",28309631900.3273,17.268337444733,29.3268601381016,14134.0577876196,33.4508688890204,70.6437447578803,892.909223707104,1.70481334158881,3875333.33333333,6.45,1,6,1
"57",3411247561532.54,28.4333330790202,1.46666665871938,943087.909568532,11.5222510765969,80.185476320404,3890.59112558053,9.13946374299222,81333475.3333333,38.46,2,7,18
"58",84664156920.5802,17.2297075370515,35.4222220658934,107114.400845265,53.2046739787244,50.7836722258702,319.423265945967,0.42291816413893,24930267.3333333,7.79,2,6,13
"59",298394436797.161,18.0999997456868,11.9666665395101,104363.694452544,12.0470064936807,90.438497708629,2432.17673661946,7.33897437360236,11090417,8.56,2,7,7
"60",1171505099.17032,19.143256481084,17.2254588551597,704.842599095272,25.6373249682369,71.2541318783575,775.338002138672,2.4893593800805,105074.333333333,0.05,2,6.90385862332471,41
"61",101967800126.579,18.8336999739752,36.853722108792,30931.0836338369,66.4074680444903,31.4858619042834,712.235918484807,0.785789161006984,15050100,15.72,1,7,17
"62",13405073058.7591,5.66666666666667,74.6333363850911,100812.473433687,82.0709632207184,23.0359109301134,-64.3960813564958,0.234681871223844,11319174.6666667,20.34,2,4,7
"63",2288554990.87468,13.7606920898296,39.6347484918985,7570.75638522041,69.6499866825746,33.8016818151798,541.942887408116,0.146744418425945,1674108.33333333,10.38,1,6,10
"64",4588431072.38016,19.8424439532246,28.1509994476046,6040.18665224434,37.4729935627957,61.4398230025765,956.774911523684,2.42362963793245,755885,5.28,2,6,47
"65",15725276475.9497,14.5258581806737,38.3406254695718,8692.02016542594,80.3736139496969,17.9352608739881,387.648737147994,0.218875903209989,10144445,0.06,1,0,5
"66",33840172480.3434,19.0999997456868,37.4333330790202,20071.6716081433,53.4778830155973,51.600017023045,644.864232738024,1.1330528873205,7620473.33333333,7.78,2,5,3
"67",222826460583.511,30.5666662851969,4.80000003178914,64541.3927161909,9.62712609885129,73.0685850370197,2481.86286405062,4.76641099314268,9964037.33333333,22.55,2,7,7
"68",12587295168.4195,18.3333333333333,5.40000009536743,5478.69872087623,77.1693331212724,10.7018194639358,17603.6121295476,5.96553047648609,319257,2.32,2,-0.259911230563531,16
"69",5770154007268.51,27.6790330711187,54.4402982133177,2867732.50421947,39.8234270193123,71.7765138577762,577.373636741402,1.49162547045144,1247340051.33333,3.13,2,7,8
"70",2173102600827.85,20.5666662851969,36.5999997456868,762964.651013877,37.7846055724756,66.1469483193585,853.182083839983,2.17795382878242,244819744.333333,6.01,2,7,15
"71",430456152624.619,22.5151132479369,13.6366738877742,151296.766091693,1.51979012957872,97.3784799310729,1277.51060105928,4.16002044504153,31897845.3333333,0.38,0,6,2
"72",207385788682.197,19.2666670481364,4.96666669845581,63097.4540783405,6.43387867907144,88.0188729665264,2970.53840776371,8.14665253257673,4574615.33333333,3.48,2,7,12
"73",235904825432.431,19.2333335876465,1.40000001589457,81606.9277296647,8.73453500571447,96.4980144226465,3030.11755727402,9.16169309928277,7766633.33333333,8.62,2,7,0
"74",2105897809729.97,28.3666661580403,3.53333330154419,484904.390190559,11.0953045882561,84.5614337045391,2795.88633510933,6.58199216921268,59398861,13.32,2,7,5
"75",22722627803.8451,15.8333333333333,18.6333338419596,15036.5013243729,14.078987148717,82.5340442010245,1034.09573242377,2.75437692279556,2699489,1.4,1,7,23
"76",4420807335919.81,26.1302051089387,5.23002987494408,1408684.68518174,4.53502584225265,88.3719472562462,3684.44748987434,9.36916906848622,127816255.333333,2.09,2,7,5
"77",69832996983.8974,18.1333338419597,1.90000001589457,26409.8058970884,3.01880831174482,96.8872027687475,1085.76588485356,3.33627899914423,6757578,2.13,2,3,0
"78",363879996960.927,19.0333334604899,26.7666664123535,354778.004595034,1.37417478873657,98.8651127998962,4435.01190337359,15.1116237661918,16556535.3333333,3.29,1,2,4
"79",108197140013.266,15.665780312596,36.6536564382911,53497.0634486658,77.3207966183223,18.4078254829522,483.575686043808,0.306993526047077,41430415,10.57,1,7,11
"80",173747850.275479,19.2226071406991,18.3619986069673,56.6516611296588,16.2521603670523,84.8600228328864,550.36775444544,0.595871497895853,104643.333333333,11.81,2,8.46968842991737,72
"81",245400624317.331,27.7740896989703,-7.12318699433221,96680.2930554504,-39.785653899952,133.386524685489,10229.2556912542,28.9918999972938,3239411.66666667,10.97,1,3,8
"82",39817342623.89,23.3333333333333,8.36666679382324,14254.6736454528,37.0564358073343,62.2619297580902,2128.62565083687,3.6220050107945,2063861,17.78,1,7,10
"83",72070643188.4553,22.540797405603,17.3038618364071,19767.5797702524,5.15926011878309,95.6210787723871,1436.68625505183,4.55849797881103,4617703.66666667,0.93,1,6,0
"84",4687643741.68398,21.9213728553859,22.3035753509885,3449.13069513011,22.0786811887609,82.1171456205275,246.203928788646,1.09529909155014,2033622.33333333,0.54,1,7,15
"85",2992974028.59084,13.495061562322,44.399180384393,2796.62015729634,84.4830188830204,15.430965782308,641.087101615228,0.222095439897336,4075906.33333333,0.78,1,6,3
"86",131290341878.612,22.4564417820993,17.9559347637087,79994.0142920734,1.85027802745367,99.0204623710553,2722.35571018666,8.13137254177447,6279250.66666667,0.32,1,0,0
"87",-85291793776.9856,17.1247498546157,29.4837439366056,-65540.5740880144,47.5526340580081,50.6123788526671,851.573944652272,1.3722494834253,36534.6666666667,44.29,1,6.80070623961548,2
"88",67834656697.9507,24.7999998728434,8.60000006357829,28517.7950066199,23.0214014522483,73.6888851997686,2385.74656145338,4.51047576191191,3037723.33333333,16.3,1,7,3
"89",46680655748.273,12.6333332061768,1.10000002384186,12858.4513978424,3.84138971087605,87.3950805951577,8035.91770840633,20.9407749737788,518748.666666667,34.61,2,7,20
"90",29893782508.9189,13.4386019778703,47.4446325412898,117583.285141308,77.0923302757558,26.0973441687793,205.314317283767,0.106403381095096,21684039.6666667,1.98,2,6,6
"91",16277300957.6406,14.0210074853484,40.071548781662,21524.4769779015,69.6843311114073,32.1186047249333,956.280176717678,0.0768846058748553,15232357.6666667,16.81,1,6,22
"92",625714775693.698,28.2999998728434,12.4666668574015,271531.106501358,6.46133365110885,94.7379121465215,2696.71855985993,7.6730828723285,28571470,8.04,2,5,5
"93",4117741706.50809,16.5962444004537,20.1083014005958,706.028135353498,17.5315185186832,82.2101593609677,1030.46061096172,2.5924057793001,376333.333333333,0.07,2,5.48007960622931,26
"94",29525449481.2033,13.3624399509401,40.4586954556532,77133.3319078057,80.3465060721784,27.0551999245168,639.710611922588,0.0640293683035986,15639578,8.38,2,5,6
"95",11718448557.9823,24.2000001271566,1.13333332538605,2000.11469370027,1.44151158066506,99.0495370954777,2010.25031805581,6.16763985809228,416743.666666667,0.47,2,8.34312979500756,14
"96",185804411.952661,13.9832105050698,25.5844987783913,7.8784185339,44.8848848168063,51.9663591440668,807.245305655731,1.95410213230733,52544,0.19,2,7.12750163781845,41
"97",12590390678.4171,17.4709108717169,31.1117726564313,13149.3433697852,40.5011122846398,60.8159730249376,535.945461017994,0.65862228660195,3683896,1.38,1,2,4
"98",20227732211.3207,27.9000002543132,4.35190314521185,3437.75918253507,6.28768178367233,82.4164177604296,1058.24754607396,3.16770875295291,1252895.33333333,0.01,2,7,46
"99",1897084915416.95,24.2999998728434,13.2999998728434,653220.559812304,9.64443675928821,89.4930868950458,1518.95939486169,3.85677512375076,120351258.666667,6.02,2,6,28
"100",14544297728.5017,18.9000002543132,27.1666666666667,11374.2748866101,4.40423160835299,90.6947941519631,971.856983078079,1.39449510620064,3560516.66666667,3.82,1,7,5
"101",-43126961819.9898,22.0151390088945,21.2306615843179,18672.5012107318,28.4821713844728,69.6676344553756,2296.18127049656,6.53530936979249,37146,99.72,2,9.07319214796486,12
"102",24328353880.1083,17.2333335876465,33.8333333333333,25411.1936489524,3.52907336168478,95.4784876419921,1565.7089088782,10.2473475450634,2760023.33333333,17.21,2,7,21
"103",8642844143.5438,18.7666664123535,5.83333317438762,35324.90065804,47.969668193743,61.6004424363303,1808.5384967986,4.02570338866915,620036,2.69,1,7,16
"104",221566855740.055,21.7666664123535,39.7333335876465,78301.8312830994,12.1709607776115,88.7828521958142,553.07032061803,1.80588968294248,32541297.6666667,20.14,2,4,2
"105",23855674209.0158,13.5628130222177,45.9069576714238,380068.360234163,89.0928735730265,8.49369096660966,407.750907272462,0.120863332380132,25023768.6666667,10.9,1,5,14
"106",652894992668.513,12.3955359503087,44.7038682106727,460234.398404615,82.7311429649789,23.0906813493051,280.287642387931,0.25412140671063,52134088.3333333,4.07,1,0,20
"107",19336961168.9739,14.3000001907349,29.4666665395101,37850.8316101948,33.0472517518001,65.8979155377845,715.746065231904,1.38171045441808,2241816.33333333,23.23,2,5,14
"108",79300498280.243,20.6107076173951,14.2102999141692,4.50391974017569,28.150453899988,65.7168677735822,1558.4087444646,4.13597977590923,10049,0,2,9.28440573350487,69
"109",55776271624.9562,14.6029886715525,47.2085397386439,35554.1261727651,86.3194108277359,13.5848548146564,378.678735942988,0.201431688264045,27185220.6666667,22.93,2,6,24
"110",767410881129.343,15.7000001271566,2.46666669845581,202811.92112513,4.19321128626898,92.5533361237241,4782.86929449742,10.4564560477288,16687810,18.06,1,7,5
"111",143562679052.876,20.4666665395101,6.83333349227905,76707.9199840588,31.4404224533646,61.1062516927786,4259.22369306252,7.43936006509191,4380933.33333333,29.82,2,7,17
"112",24506241525.7184,18.0159132931007,27.4412242504401,16062.0114830588,52.1679789085392,46.2792378526791,534.119950820078,0.808832665372897,5807514.33333333,21.96,0,7,15
"113",855532554977.787,17.42796691089,39.9085775866304,296673.936756312,86.4779704177512,18.6500914744874,774.729333938871,0.585385856008548,163811938,11.82,1,6,3
"114",312593641705.202,20.1666660308838,2.23333334922791,64475.9813489607,56.9906660417694,59.3551987671946,6167.17676896249,10.4535673251626,4953637.66666667,9.08,2,7,11
"115",140078091550.188,28.3855878869624,-0.510938864218776,60649.7072323447,-10.4602988804048,101.048538568003,6876.56661282611,17.1080868582167,3232980.66666667,3.99,1,2,1
"116",752775315772.397,21.434699056304,39.7141389425673,362246.100082121,45.476642136392,60.9996549426082,489.572756740827,0.933733873920134,173701939.333333,8.6,2,6,11
"117",265381625.719916,22.786683424762,10.7608477723333,1.37514060552,10.5224666777075,84.596012919064,4489.53385556579,10.7338942376622,20610.6666666667,0.24,2,6.78460362721842,47
"118",62530716488.1739,18.5000006357829,17.0333334604899,15845.9961875234,23.0559882339773,78.408666192974,1078.59138851894,2.6558342580118,3682082,5.18,2,6,5
"119",16333207842.8431,17.4370556503484,32.4387028519388,10881.0476703639,50.2666300863213,48.2799082346217,525.436752788335,0.708026489797287,7001186.33333333,0.66,2,6,22
"120",46382370007.2325,17.6666666666667,26.7999998728434,50438.8578692145,63.346105184824,33.3447782746227,777.420557415516,0.827498194143311,6294267.33333333,6.5,2,7,11
"121",308770080535.137,23.7999998728434,21.3159305329645,73236.9845556744,29.5094791354197,76.1703333655741,687.473788359124,1.81210275753479,29764101,19.37,2,7,13
"122",549486230118.433,15.0666666030884,32.8000005086263,163678.59673998,29.2084010228012,59.6564262236752,436.514079284364,0.923150637515769,94519152.3333333,2.44,1,6,9
"123",848019059781.496,30.7666670481364,12.3999999364217,421294.742949816,10.3863935613986,91.8493687228403,2620.43573245482,8.17405116069631,38056404.3333333,29.31,2,7,13
"124",282286240919.208,27.8333333333333,6.80000003178914,72061.1913197911,26.849579837264,75.299912628645,2148.81644873327,4.48138889321399,10548501.3333333,1.89,2,7,6
"125",249659534277.212,48.5169341835291,-8.25544424069513,100812.659308822,-43.1482402328297,127.656437594546,16993.6497995857,43.3474637336044,1895524.66666667,1.24,1,1,6
"126",354613145832.313,29.7000001271566,26.7666670481364,121962.446219015,22.2957582405082,76.3833302066661,1749.63881228496,4.06764444409755,20150811.3333333,22.09,1,7,5
"127",3435131742074.19,27.6666666666667,7.63333336512248,2728137.47595936,3.2718222580952,90.7828887615902,5019.91083764885,12.3038997358222,143003997.666667,8.75,1,2.44628049213805,1
"128",14823848057.3122,9.99728671473489,54.3324720194756,6619.22350362389,87.2671230446105,15.6842061508883,879.115764751212,0.0627886866111441,10555816,9.43,2,3,2
"129",1045647682.86076,16.1063784701439,22.970853570353,348.648944812556,22.5436524457596,72.1021102095281,617.52439953521,1.23180954170301,187454.666666667,0.23,2,7.56258407886819,58
"130",166243725621.843,25.6283217103951,7.66141698970115,7593.04645083998,18.4285433423921,77.2920954540211,3497.22241370634,7.67897067367938,30933.3333333333,0,1,5.5138582028805,12
"131",495948308.220052,17.9773027980118,25.3984284795377,190.558297877722,39.942691052766,59.6188733420715,428.703145006417,0.601406295094903,174670,0,2,5.67236817480038,18
"132",1349972867887.61,24.4383005967912,1.02711352810051,519838.99945722,0.00865171093905379,99.9965371892757,6527.63844235967,18.3711704752828,28791710.6666667,28.24,2,1,0
"133",29095747318.961,18.6846352826103,29.8809708161303,53800.9962731239,50.7012001019824,46.4505235707734,297.169739929685,0.599496535445728,13364634,14.48,2,5,4
"134",1967765157.42481,20.747337621581,9.51940043433363,882.73032323046,2.04098688910941,95.7405588549006,2499.66528831175,7.49618711834747,88504.6666666667,0.05,2,5.76841153166323,20
"135",8615190293.56019,16.4969951095764,35.6897738176855,11729.8478974976,68.204686327433,31.7766757848576,701.578350245592,0.149420540508718,5909322.33333333,3.77,2,6,3
"136",385496394616.69,23.0666669209798,-2.3664502861253,54351.9447126463,0.494730055724961,97.6673990064524,4993.91775690212,8.77766511601236,5190952.33333333,3.39,2,3,5
"137",57877462933.8381,32.1666653951009,6.96666669845581,21493.9619022264,18.3642359645935,66.0479040674857,3497.78666601322,7.39541739179379,2052861.66666667,53.95,1,7,9
"138",1038568707.01727,13.9565722294479,37.6387485773883,4535.95730163994,61.0889323037092,38.3429031446275,519.105802216694,0.366083531314916,537662.333333333,0.16,2,7,29
"139",45877673609.9456,14.4084635030878,40.7346782927644,21689.4647873717,78.367212428756,25.7750120561782,640.880898223649,0.0620703602640921,9807338,0.26,2,6,3
"140",631752991691.55,24.1333332061767,4.80000003178914,452879.364676414,16.9750540417931,87.2911615212164,2746.92057652364,9.18981122299667,51559388.3333333,10.24,2,7,7
"141",1512383397049.07,21.9000002543132,4.13333320617676,352244.233664091,14.9661447578361,75.8363694538899,2705.31010314535,5.75512454243803,46697549.6666667,10.18,1,7,9
"142",187629480157.054,24.8000005086263,32.2333335876465,29801.9652739355,60.7872665093263,46.4133076872654,517.060994803653,0.742134179844621,20270666.6666667,2.64,2,6,5
"143",146587766137.68,16.6546265337514,34.1120561271709,489781.071161636,63.1333048158633,31.1419719994402,363.134881559133,0.325490334428469,36915166,1.68,1,2,25
"144",7863281907.33883,21.0452121203067,22.154097991369,2596.14425572493,26.2947145681378,71.5378492133212,1506.02312277157,4.65340871900375,523371.666666667,8.58,1,5,13
"145",9292068755.56392,13.1221150661246,27.7124965097009,3428.79943195667,43.9830840622662,58.5905050484051,724.830770016514,0.904751494509957,1212433.33333333,4.02,2,2,10
"146",409050504069.384,19.9333330790202,1.79999995231628,68660.9424428831,47.4783725941843,33.2121980759825,5324.0182189656,5.3215353335992,9448904.33333333,13.03,2,7,14
"147",430694541295.29,21.0666662851969,3.06666660308838,54776.3823688077,21.7315205237922,50.9446319237003,3250.90671716023,4.7916382002953,7911389.33333333,9.93,1,7,5
"148",233329290401.547,28.2892538501612,12.037535342057,75107.0030493779,1.88184148797975,98.6177883329474,923.10203164618,2.64745652302282,20400175,0.67,0,3.90539513011834,3
"149",17322097686.2449,17.6349572190281,27.9301278508566,15125.866879957,60.1084600039408,36.4148111119262,284.739704017581,0.34131933520559,7755516.66666667,21.92,1,3,17
"150",100248938455.787,15.5472412931181,46.1189455189751,234754.102449836,89.2789568496228,11.8722998059401,455.051061622629,0.17454803550629,47139077.3333333,26.05,1,4,4
"151",933012152644.962,20.2999998728434,39.5999997456869,430983.939970076,22.6976510151222,80.1163608023566,1801.71049957242,4.40379089042366,66919704,12.49,1,3,10
"152",2184933977.45786,15.7291984542966,36.1662052337413,949.90462879372,51.3867492973137,46.8297866592385,725.149284429455,0.231562863227886,1111919.66666667,2.09,1,4.5367196360077,3
"153",8245636063.09005,17.1707363780739,33.8099550578884,22756.871263327,69.2267349515292,19.7209669847535,475.864298898051,0.365394698067906,6567537,19.75,1,3,8
"154",522652722.591098,23.8948298160684,20.5860590975155,155.195281063957,20.0258709620331,73.5501218057537,485.838084335226,1.27582823378086,104369.333333333,1.52,2,5.26466772204024,26
"155",39910029234.8915,27.7443582178744,-16.788053263968,59717.9570553641,0.34025618494035,99.9289862729664,14749.1742866548,35.0102482523991,1334821.33333333,2.63,1,7,21
"156",111143202223.388,33.0333340962728,16.5666669209798,38704.0391874196,13.5545301586307,88.0076966291872,948.249177181943,2.52198370498403,10666133.3333333,3.68,1,6,11
"157",1282448132783.72,26.8333333333333,22.4666665395101,434386.804585694,13.3267671166319,89.4140041377729,1514.67148866883,4.29610585118833,73558868.3333333,0.2,1,4,3
"158",57682508013.0202,20.6548941583922,14.1772940967865,89402.1537180601,21.2289719934567,77.0242156231379,4761.46799358575,12.0611979298404,5107202.66666667,3.15,2,1,13
"159",33466126.2385928,18.4821665367701,21.6529658428695,5.17519213949766,36.7954569582393,63.0800761612905,2119.03302830048,5.58919043950234,9843.66666666667,0.01,2,6.16285594527649,65
"160",55649222523.0615,15.9237568490372,40.4918864343332,80316.7544816279,73.2612895003827,29.9649422091645,705.315122624756,0.119375832407198,34270126.3333333,16,2,3,0
"161",372547301716.479,24.2590945597472,14.7838996244807,402686.559105651,2.81571518431366,79.7534647881157,2780.8165531908,6.46521195986713,45723366.6666667,3.93,2,5,3
"162",506327871890.726,25.3071876694816,1.44799514961711,199119.466383249,0.138253085157068,99.9029473074066,7442.77521539365,18.9429395843584,8672239,16.09,2,3.31667285081175,10
"163",2308827202198.46,19.1333338419597,1.06666668256124,587809.391055392,3.89644404630828,86.4326584399287,3073.2477097505,7.42649805133691,63241861,13.77,2,7,7
"164",15551435332210.6,23.962077076061,-16.1537213352376,6542947.81794175,7.86092225349387,83.8446139788794,7001.08448628166,16.9304315151513,311722781,14.82,2,7,4
"165",60341798712.2841,18.7516425592188,16.6895006092326,33765.5989968926,49.1703924688824,54.8360948486131,1293.56103963473,2.24781985557698,3385592.33333333,1.67,2,7,11
"166",129690690659.825,20.914214555626,11.299404758723,176893.787439657,2.41679914711197,97.9720016782563,1584.20658305982,3.80386099771103,29225433.3333333,3.44,0,1,1
"167",706410548.928851,19.1251967440141,24.1679603859925,440.046390211123,41.9828074136712,59.219350921566,560.659886684643,0.505732723124986,241891,2.31,2,5.65576441217325,38
"168",48304722663.3863,12.3586890783799,42.9284042704792,320021.181900899,90.1360427649365,8.97119128195412,604.358491593039,0.211528393893042,14349182,37.85,1,5,15
"169",21714801158.6364,13.9131911038127,52.2077949819372,71546.2907668022,76.3906320185969,30.0322184117233,712.734900034575,0.788923314075984,14264990.3333333,26.61,1,5,5
